Cnsmr,Manuf,HiTec,Hlth ,Other
5.43,2.73,1.83,1.77,2.13
2.76,2.33,2.41,4.25,4.35
2.16,-0.44,1.06,0.69,0.29
-3.9,-2.42,-2.26,-0.57,-2.84
3.7,2.5,3.07,5.42,2.11
3.62,2.76,1.03,0.11,3.47
-1.19,0.15,0.46,5.05,1.5
5.28,4,4.19,1.71,5.05
1.64,-1.43,3.65,1.01,1.22
3.52,-1.13,1.35,2.74,0.83
6.09,5.67,5.28,4.12,6.54
-1.95,-3.03,0.51,0.54,-2.15
8.69,7.51,7.59,9.84,6.04
5.23,1.97,2.94,0.28,-1.03
5.89,4.9,3.93,5.65,4.59
-3,-4.7,-4.54,5.13,-3.82
7.74,7.7,6.52,3.68,4.5
3.6,2.2,1.28,-0.46,1.96
-1.21,0.18,-0.03,2.69,-1.01
-1.53,-1.11,-0.38,-1.38,-2.02
13.86,6.96,10.32,10.54,6.04
0.43,7.69,2.7,2.35,4.31
3.5,0.1,4.36,9.27,0
-4.05,-4.35,-5.12,-3.15,-4.29
2.2,1.03,-0.29,2.39,-0.35
8.99,6.28,7.23,14.57,4.75
3.66,4.44,0.42,-1.14,1.01
1.69,2.39,2.38,0.05,-0.43
7.8,16.03,13.46,5.05,9.96
-1.01,0.51,3.78,-0.41,0.4
0.68,6.04,11.7,3.43,5.56
-1.51,1.35,-0.9,0.05,0.02
-3.62,1.09,4.41,-1.5,-2.17
1.1,2.44,2.48,1.48,0.46
-9.68,-5.66,-3.68,-7.84,-0.01
7.03,12.44,15.73,4.52,5.75
0.4,4.56,10.97,2.59,6.57
4.93,9.73,11.92,3.09,7.73
-5.75,-3.94,-5.1,-7.02,-6.4
-20.43,-20.47,-22.65,-18.02,-11.76
-12.13,-12.35,-14.84,-7.9,-9.57
0.12,2.35,6.1,1.11,-0.49
5.53,5.04,6.32,2.55,4.89
0.48,2.23,7.45,3.15,3.25
3.87,10.15,8.41,5.99,4.84
-1.72,-1.07,-0.84,-1.27,-6.44
1.86,-2.14,-2.4,-1.49,-0.96
-15.68,-16.95,-14.85,-13.34,-11.7
5.4,4.64,2.78,6.52,3.44
1.56,-0.43,2,7.71,-0.38
-11.51,-13.57,-12.35,-8.7,-10.51
-7.46,-9.06,-10.87,-4.37,-8.43
2.04,-3.75,-3.27,-3.23,-5.17
-5.83,-7.8,-7.09,-6.79,-8.8
6.47,4.5,4.99,8.23,11.89
11.35,12.07,13.43,7.81,5.47
-2.64,-7.06,-5.64,1.8,-9.4
-5.9,-12.3,-8.48,-3.62,-9.89
-10.64,-13.86,-10.76,-10.26,-17.39
11.01,15.12,13.99,9.69,16.22
-2.84,-7.23,-7.25,2.61,-9.86
-0.32,1.32,2.02,0.39,-3.98
-28.58,-30.86,-26.78,-29.45,-26.5
9.99,9.38,7.02,11.26,1.9
-5.42,-7.29,-9.77,-2.79,-19.17
-10.69,-15.53,-10.06,-4.1,-16.53
-0.41,-2.19,-6.74,-2.66,6.79
4.33,6.96,9.78,2.05,-0.28
-10.33,-9.7,-11.41,-6.41,-15.96
-15.89,-18.19,-16.23,-19.77,-22.36
-22.68,-17.82,-16.06,-34.08,-30.02
-0.75,1.25,-5.41,11.05,-2
28.44,35.86,24.4,29.18,55.85
28.96,37.21,33.84,35.87,58.67
1.9,-5.19,-1.82,-11.92,-4.15
-14.57,-11.22,-11.87,-18.56,-17.99
-5.92,-6.63,-3.36,5.53,-6.9
4.21,4.23,4.82,6.82,4.88
2.25,-0.93,0.65,-1.13,8.53
-14.05,-17.32,-11.55,-10.82,-16.41
9.79,1.84,-2.51,-3.16,3.77
43.67,43.53,25.52,37.13,30.8
16.46,22.17,18.29,23.49,31.54
13.98,13.15,10.62,10.39,14.5
-8.18,-12.04,-6.94,-19.11,-6.62
12.01,13.05,7.59,-0.38,14.59
-9.79,-9.93,-8.79,-1.31,-16.39
-9.1,-6.99,-8.08,-6.02,-10.91
12.06,10.72,8.12,9.4,5.35
2.04,2.24,-1.86,-11.73,4.7
12.49,11.77,9.78,16.77,18.58
-2.36,-2.99,-1.24,-3.59,-1.88
1,-1.36,1.99,-0.64,0.82
-0.9,-2.69,-1.67,8,-1.6
-6.92,-8.07,-5.18,-0.38,-7.36
1.78,3.31,1.87,2.04,3.12
-8.05,-11.92,-7.27,-1.89,-17.37
5.9,6.26,4.05,-3.05,4.41
0.88,-1.11,1.07,0.8,-0.37
0.21,-2.81,-1.33,-0.71,-2.22
10.93,9.14,4.01,4.07,5.64
0.17,0.37,1.16,0.62,-0.19
-4.3,-3.07,0.21,-0.86,-6.72
-0.12,-3.45,0.68,4.25,-4.7
-4.85,-2.72,-2.18,-3.14,-5.34
5.9,11.11,9.6,3.18,8.75
1.88,3.79,5.96,-4.02,3.88
6.72,5.35,6.57,4.09,6.33
8.13,7.27,7.35,3.19,7.26
2.42,2.3,3.7,0.29,3.41
3.88,1.24,5.76,1.11,0.62
6.59,9.02,5.59,5.97,2.42
2.28,3.54,7.97,1.74,13.23
2.65,6.81,1.45,2.35,4.29
2.21,9.04,5.21,3.46,12.17
1.78,2.52,3.73,3.45,2.81
2.93,2,-1.91,3.52,-2.94
-6.79,-9.27,-7,-9.19,-7.41
4.97,4.6,5.91,4.8,7.4
4.56,1.73,1.93,1.29,1.75
4.32,7.39,6.69,4.65,9.64
0.76,0.64,2.06,-1.48,1.85
1.5,1.32,-0.4,0.77,0.9
5.64,8.72,5.39,3.78,8.1
3.79,3.27,4.63,3.4,0.48
-5.01,3.43,1.01,-2.04,-1.18
3.54,3.75,3.66,3.47,1.04
0.88,1.54,-2.2,-3.72,4.78
-2.47,1.08,-3.3,-5.03,2.7
-7.09,-7.9,-6.43,-3.32,-6.83
-1.87,0,1.17,1.68,-3.34
-5.41,-3.49,-0.01,-4.12,-8.95
8.88,9.9,6.32,4.14,8.74
-2.83,-5.6,-3.65,1.09,-8.34
-11.45,-15.74,-8.04,-10.76,-15.93
-8.94,-11,-6.21,-3.55,-10.12
-10.75,-8.7,-4.05,-5.12,-6.87
-7.29,-3.05,-1.84,-2.41,-6.63
5.76,-1.2,-2.45,3.52,0.49
4.82,8.38,0.69,8.61,4.88
-20.45,-24.96,-22.25,-14.44,-29.77
13.81,14.6,14.91,11.82,14.54
-2.78,-5.6,-0.87,1.71,-3.96
21.24,27.74,18.89,10.07,24.87
10.87,6.26,3.41,5.8,10.01
-0.65,-4.32,-0.42,0.36,-3.72
0.46,1.39,1.2,-0.01,-1.25
6.24,8.37,6.67,5.63,11.11
-1.58,-1.77,-1.81,1.44,-2.01
2.15,5.22,2.81,0.85,6.34
-4.28,-7.38,-2.69,-0.96,-8.66
4.76,2.63,3.17,3.72,4.69
-10.42,-13.53,-8.06,-4.33,-14.98
0.47,-0.7,0.43,1,-1.81
7.58,6.16,6.68,5.49,8.04
-3.59,-5.94,-5.55,1.1,-7.64
10.02,10.44,9.61,3.08,11.57
-7.23,-6.02,-5.86,-5.43,-9.99
9.65,23.43,6.5,7.07,25.74
2.26,-2.35,1.31,0.21,-1.6
-1.7,-5.48,-0.57,1.22,-5.07
3.37,2.9,3.18,3.77,2.4
-0.71,-3.49,-1.85,-1.79,-2.68
1.67,1.79,0.37,1.48,0.88
2.65,1.6,1.93,1.9,2.63
0.58,0.36,-0.43,-0.31,-0.76
-23.34,-22.45,-16.86,-21.21,-24.04
7.21,6.22,6.48,4.91,8.59
2.83,3.47,3.12,-0.52,3.39
3.61,1.77,1.06,-2.29,2.89
2.92,1.92,2.67,4.61,2.48
0.68,4.52,1.94,-3,5.31
-1.15,-2.47,-0.77,-1.82,-0.12
-0.77,1.5,1.21,-0.23,0.24
-4.11,-5.44,-2.28,-2.19,-1.6
-1.33,-1.64,-1.5,-4.69,-0.31
0,0.96,1.21,1.77,1.8
-6.4,-4.46,-7.32,-5.22,-4.44
0.03,3.24,0.09,-1.45,-0.92
5.28,5.91,7.22,6.72,4.5
4.87,7.93,0.48,8.03,7.53
1.65,-1.52,0.93,0.08,0.2
2.13,-2.32,-0.16,-0.21,-2.58
-6.86,-4.5,-5.66,-3.69,-4.13
-3.64,-0.61,-3.28,-2.93,-1.54
-7.7,-3.35,-5.13,-1.59,-5.37
3.11,-1.53,-0.43,-2.99,9.55
-1.58,-3.32,-1.35,-5.35,-1.87
-5.03,-6.83,-6.65,-5.54,-8.98
-4.6,-4.23,-5.81,-4.45,-2.02
9.84,3.59,7.78,14.69,3.54
2.73,3.6,0.61,2.85,1.99
2.9,3.36,3.3,1.6,6.58
1.51,1.89,1.72,2.43,2.42
0.97,3.21,3.38,0.26,3.38
4.03,8.2,6.22,4.13,8.91
2.63,-1.36,2.36,1.58,-2.06
5.39,5.82,2.88,8.69,4.44
7.31,7.47,6.5,2.47,7.06
4.81,6.24,6.3,3.64,9.47
5.56,6.17,3.7,4.56,10.09
1.06,-0.23,2.75,1.4,2.19
6.78,5.38,5.35,5.13,5.59
3.81,1.28,2.34,0.5,-0.8
-4.84,-5.01,-3.54,-3.26,-5.19
2.44,0.92,0.72,0.26,1.41
2.01,2.4,3.13,4.02,2.18
-1.07,-1.07,-1.19,0.57,-1.09
-4.8,-6.79,-3.85,-3.93,-7.99
6.91,6.44,5.27,3.94,7.16
2.23,1.3,0.75,0.29,4.5
1.22,-0.03,-0.47,-2.64,2.07
3.34,2.1,2.09,2.46,2.66
-1.47,-1.72,-1.18,-2.36,-2.46
6.14,5.09,3.19,5.68,4.27
6.94,4.89,5.14,3.85,5.95
-1.89,-1.5,-1.04,-1.24,-0.77
3.17,1.07,1.26,0.76,0.36
0.54,-0.24,-0.16,0.43,0.1
-0.84,0.49,0.78,1.09,0.67
1.95,1.25,1.11,0.52,4.31
2.71,4.39,2.54,1.71,8.46
1.59,3.74,-0.79,0.56,0.62
5.34,6.97,4.66,4.25,7.89
-3.66,-4.74,-1.93,-1.83,-3.53
8.49,8.13,5.19,6.33,8.81
2.73,0.42,2.8,4.11,3.11
-0.93,0.32,0.41,-4.65,4.48
-0.95,-2.76,0.32,-1.62,-5.48
8.42,6.01,5.48,9.19,2.52
4.92,5.05,2.63,6.51,6.08
4.39,3.8,1.57,6.61,5.76
4.17,5.81,3.05,8.58,9.11
2.25,0.76,1.52,1.53,0.15
7.05,6.07,4.14,7.76,7.38
-5.95,-5.67,-5.1,-4.31,-6.14
6.15,7.17,1.65,14.57,4.68
4.01,5.55,1.64,14.67,1.68
3.41,4.41,3.97,5.64,3.39
-5.49,-3.37,-2.48,-5.52,-3.25
-2.5,-2.43,-1.64,-3.22,-4.97
-6.54,-6.23,-6.95,-3.24,-6.8
-10.7,-9.55,-7.15,-7.03,-14.38
-1.32,-1.13,-4.05,-0.24,-0.46
-2.34,1.28,-0.05,1.67,0.01
4.44,5.92,4.21,7.23,2.74
3.08,0.33,3.05,-5.32,0.47
0.18,-1.27,-2.06,-4.19,-1.28
-2.34,-0.67,-2.21,-1.26,-3.33
-6.31,-3.98,-2.59,-8.6,-6.27
-0.93,-0.77,-0.72,-2.68,-2.07
7.26,6.15,0.09,4.19,3.19
4.79,3.7,3.46,2.6,5.99
-1.82,-1.24,-1.89,-3.83,-3.19
-0.56,-0.59,0.98,-2.62,-0.96
2.25,3.42,0.95,1.22,0.99
-2.16,-1.74,-1.59,-3.04,-1.95
1.04,4.48,1.44,3.1,3.72
-3.6,-4.7,-2.68,-8.23,-0.87
-5.29,-4.37,-2.45,-3.53,-4.11
6.29,9.35,6.28,6.33,9.94
2.31,5.14,1.04,2.14,3.25
8.67,7.03,7.51,6.78,6.76
-1.13,0.9,-0.51,-2.19,-0.75
-4.17,-5.66,-4.11,-4.25,-4.99
1.01,-0.44,1.51,-1.9,1.53
-3.1,-3.04,-1.67,-3.08,-3.44
5.05,7.23,3.89,5.19,4.96
-7.78,-10.69,-5.64,-5.74,-10.58
1.72,4.09,3.58,4.54,2.85
2.6,-0.52,-1.3,4.57,0.32
-2.54,-3.18,-2.22,-0.93,-3.2
3.6,4.38,3.5,5.5,4.9
-2.38,-1.36,-2.66,0.24,-1.52
-0.93,-3.7,-3.7,-1.88,-2.69
1.62,-0.39,0.64,2.16,-1.38
6.24,5.85,4.48,6,4.19
2.78,3.44,0.87,0.19,1.45
2.63,3.66,2.36,1.86,3.39
2.91,3.68,2.77,3.38,2.42
2.76,1.31,2.74,4.81,1.23
5.94,4.35,5.27,8.7,7.18
1.26,1.46,3.21,1.06,3.2
1.91,1.29,2.06,1.92,1.01
0.28,1.92,3.46,-2.9,-0.7
3.22,5.21,3.58,5.52,1.52
3.81,6.18,1.07,3.96,1.35
-4.8,-6.11,-6.17,-4.19,-6.79
-1.01,2.81,-2.09,-6.94,7.5
5.84,5.25,3.84,3.68,2.32
7.16,4.2,2.17,6.15,6.51
0.29,0.22,-0.63,-1.76,-1.51
-0.6,4.65,1.18,4.68,3.94
2.37,6.84,2.88,6.06,11.05
5.86,6.02,4.82,3.1,6.39
2.17,1.41,2.46,1.46,-0.42
-1.24,-2.6,-1,1.7,-2.84
1.66,7.12,2.03,10.41,3.75
-2.73,-2.13,-1.62,1.57,-3.27
-4.46,-1.77,-0.91,0.83,-5.12
3.06,8.92,4.41,14.42,7.4
4.43,4.76,4.31,-1.38,3.45
1.63,0.05,1.76,-1.84,3.58
-2.74,-1.67,-3.55,-5.94,-3.63
1.08,0.19,1.33,-0.5,2.1
1.5,4.42,3.03,5.11,2.13
-0.35,2.56,-0.91,0.73,3.32
-1.61,-3,-2.09,-4.22,-1.57
4.27,4.88,3.16,0.37,5.84
-2.79,-6.27,-2.17,-5.46,-3.39
2.96,3.8,2.03,2.53,2.94
3.76,4.22,3.94,-0.97,4.02
1.7,1.06,0.95,-4.39,1.13
1.03,-1.42,0.27,-0.55,-0.13
-1.49,-2.44,0.29,-4.1,-1.37
-0.26,-0.54,-0.12,-1.47,-1.57
5.79,5.81,6.49,7.25,7.27
3.6,3.13,1.86,-1.96,3.74
0.75,-0.51,-0.62,-5.12,1.08
0.07,-0.31,0.04,2.09,-0.23
-2.43,-0.96,-0.63,-0.16,-1.44
-1.06,-3.6,-0.95,-5.35,-3.2
0.46,0.72,0.72,-0.03,1.44
-2.16,-1.72,-0.82,-3.29,-2.05
1.75,3.18,1.54,3.66,1.43
-4.22,-4.53,-2.61,0.05,-6.8
-0.21,0.26,2.39,0.43,-0.98
3.26,5.6,4.13,2.66,3.68
1.28,3.26,3.51,7.98,2.78
-0.28,0.57,0.52,-1.34,-2.31
4.34,5.59,4.37,5.65,6.66
0.67,1.67,3.98,-0.18,1.54
1.91,4.33,5.25,0.28,1.79
2.28,5.05,5.65,1.2,2.87
3.34,3.63,0.42,1.61,4.4
1.39,0.12,5.3,-2.43,1.48
7.13,4.95,2,8.21,6.83
-2.31,-2.09,-2.97,-2.57,-2.26
8.26,6.77,5.06,2.82,4.33
-1.71,-1.88,-1.36,-1.62,0.57
6.04,10.48,8.89,12.55,11.16
4.98,6.01,2.33,6.13,9.39
0.76,0.3,2.71,-2.88,0.88
0.42,3.54,4.61,2.85,3.76
-0.63,0,-0.97,6.1,0.94
4.12,2.88,3.95,0.01,3.44
0.21,1.4,0.68,3.14,1.64
6.18,8.77,2.88,0.17,2.37
9.37,0.61,-0.57,0.14,-1.8
-1.86,1.38,-1.05,0.15,0.47
4.38,-0.83,-1.84,-3.2,-2.5
-3.18,-2.2,-3.48,0.81,-2.84
6.77,7.48,6.54,6.26,8.05
-1.82,2.81,3.16,6.22,-0.72
-4.64,-2.49,-2.18,-6.5,-2.76
3.68,4.26,3.37,8.25,3.17
2.53,8.46,6.42,7.24,5.68
-2.64,1.52,-0.66,2.74,0.5
-4.11,-5.58,-3.55,-1.24,-5.48
3.79,3.83,4.32,3.58,1.59
3.92,6.03,4.12,3.1,2.41
-0.65,-3.77,-2.58,-3.07,-3.6
-2.32,-5.73,-5.07,-3.69,-4.4
-0.29,0.87,1.14,0.58,1.1
-2.42,1.21,1.05,-1.31,0.21
0.65,4.19,3.58,6.05,2.02
-2.32,-4.05,-1.87,-2.26,-0.54
-1.42,-2.25,-0.2,-0.35,-2.57
1.13,2.33,3.26,8.21,2.31
4.12,4.64,4.76,5.43,3.15
1.28,4.71,3.71,4.78,1.36
-0.75,-1.21,2.1,6.45,-1.11
2.55,0.62,0.51,2.98,1.12
-2.53,-5.57,-4.13,-2.26,-5.41
-3.93,-6.52,-4.55,-3.71,-6.64
-3.62,-4.45,-1.93,-0.45,-6.88
-1.51,3.21,4.26,7.77,0.33
-4.19,-4.25,-1.31,-0.38,-4.36
6.58,4.32,4.12,-0.05,11.02
0.34,-2.23,-0.64,4.92,-1.78
3.49,3.57,1.94,7.53,2.51
3.74,3.27,1.13,7.52,4.55
3.8,2.06,1.8,1.07,3.74
2.53,3.16,2.71,3.23,2.88
5.12,4.64,2.48,5.97,5.31
2.07,1.66,2.22,1.98,3.07
6.91,3.97,5.68,11.72,4.64
1.91,2.73,3.13,1.05,3.64
3.54,2.62,3.4,8.03,4.7
3.55,4.13,13.16,4.61,3.05
1.92,0.79,0.41,-0.62,1.95
0.95,-0.04,5.01,3.86,1.69
-0.63,0.74,1.11,4.26,-0.72
5.6,2.54,6.76,11.92,2.07
3.87,1.79,2.29,-1.07,0.65
1.25,-0.37,-1.01,6.59,1.41
5.24,4.07,0.55,4.74,0.15
1.53,-1.68,-1.21,-3.52,-2.2
-3.45,-5.35,-2.82,-4.96,-4.11
0.84,1.26,3.43,2.38,0.17
1.02,1.23,4.76,5.62,-0.5
3.65,2.67,3.79,-1.63,2.08
-7.56,-7.1,-5.49,-6.35,-4.43
1.01,-0.09,6.67,0.27,0.01
-2.65,-1.9,0.95,1.61,-2.34
-0.41,-2.77,-0.14,1.68,-1.14
2.83,1.62,6.89,13.77,0.33
2.76,2.92,0.69,-0.16,2.85
-1.32,-2.44,-2.45,-3.86,-1.54
3.66,2.85,3.65,2.46,3.02
-5.42,-5.07,-7.51,-8.71,-5.8
0.29,0.01,-1.77,-3.49,-0.86
4.73,4.25,5.76,4.04,6.75
2.24,4.81,7.19,6.22,4.18
5.86,7.03,5.19,6.05,7.83
5.44,3.64,1.78,5.19,5.68
4.76,1.59,4.96,3.8,3.45
-0.76,0.87,0.63,-0.3,0.49
3.08,2.98,1,2.28,4.21
-1.07,-2.98,-3.65,-3.38,-3.91
4.14,2.51,3.96,3.45,1.26
3.58,2.19,2.47,3.84,5.3
2,-3.64,-1.18,-1.31,-1.79
3.72,2.66,1.91,3.52,2.27
6.88,3.69,5.44,3.27,3.91
-0.58,0.01,1.17,-2.02,-1.86
-4.95,-2.4,-5.49,-4.62,-1.37
-0.07,2.71,1.91,3.76,1.7
-0.61,-0.22,-1.3,0.54,-1.84
-5.27,-5.6,-8.06,-11.01,-7.11
-8.42,-7.89,-9.19,-10.9,-7.91
-8.34,-7.2,-10.05,-12.59,-9.17
6.33,5.74,9.21,7.78,5.71
2.88,2.44,2.47,-7.92,3.89
-4.79,-3.92,-7.46,-4.05,-5.75
-0.54,0.37,1.34,2.47,0.66
9.82,11.09,10.74,17.59,14.89
1.67,1.67,0.45,0.89,1.38
5.66,4.74,4.88,5.65,5.24
-2.45,-1.95,-3.08,-2.58,-0.35
4.41,3.77,2.33,1.18,2.87
4.51,4.53,5.05,7.62,5.88
4.6,1.18,1.78,-0.25,3.65
-1.99,-1.12,-3.47,-1.09,-1.31
-0.48,0.23,-0.42,0.56,-1.63
6.03,5.04,4.62,9.56,5.54
-0.41,-2.05,1.49,-4.06,-3.18
5.65,0.95,5.31,3.38,1.38
-3.05,-0.43,2.38,-1.65,0.23
1.01,2.84,1.13,1.54,2.81
1.35,3.06,3.16,3.68,1.24
1.95,1.82,0.6,1.66,5.5
1.88,2.04,0.81,-1.94,2.18
1.42,0.6,-1,-1.42,0.26
1.86,1.67,0.86,0.53,2.42
1.65,1.09,2.99,0.59,1.38
3.31,2.7,-1.92,4.76,1.34
0.65,-1.19,-2.04,-4.22,-3.14
3.74,3.63,-0.15,2.73,4.05
0.6,1.35,-0.94,2.88,1.83
0.25,0.81,-1.4,2.17,-1.8
0.91,-0.29,1.82,4.38,-1.79
4.24,3.52,3.17,7.66,4.72
0.44,0.26,1.39,2.42,2.59
0.26,-1.58,-1.18,-0.93,-0.26
6.19,2.38,3.53,2.98,2.17
-1.9,-0.22,1.77,-1.24,-1.68
-6.21,-4.45,-4.84,-5.31,-7
1.21,1.78,1.28,3.95,3.41
3.25,2.38,3.27,6.29,5.09
3.31,3.47,2.93,2.24,1.79
3.94,2.92,1.08,3.23,4.25
-1.44,0.7,-1.03,3.8,3.9
1.27,1.62,-1.19,3.83,3.49
-0.16,1.2,-0.02,2.74,5.26
-1.27,-2.19,2.71,-1.55,2.11
-2.73,-1.63,-2.86,-1.6,-2.84
0.83,2.62,4.54,-0.02,3.05
-6.05,-4.59,-4.6,-5.25,-7.88
-2.07,-1.49,0.16,0.99,0.74
-1.95,-0.76,-1.48,-1.72,-2.06
-7.14,-7.55,-5.33,-8.07,-11.79
-1.39,0.07,-1.27,-1.13,-1.85
1.34,5.75,4.57,4.87,3.12
-0.75,0.73,4,6.89,7.95
-2.03,0.91,1.61,-0.17,2.12
11.19,7.24,8.32,6.41,11.97
0.9,0.27,4.3,1.42,-0.25
3.91,4.36,4.3,7.83,4.17
8.4,2.81,4.34,4.46,2.23
-5.21,-3.43,-4.97,-5.29,-1.9
2.4,1.54,4.79,5.38,3.74
8.08,5.1,-0.45,3.79,7.89
-0.14,-0.74,-1.11,0.66,-0.32
3.78,2.87,5.59,2.89,1.32
-2.94,-3.66,1.74,-5.01,-5.25
0.08,1.11,0.92,1.33,-0.41
2.2,4.27,1.48,1.62,5.5
-2.19,-3.72,-4.8,-6.57,-1.85
-2.07,-3.3,-3.76,-4.24,-3.56
1.15,-0.02,2.19,0.1,-0.08
11.78,7.78,8.72,11.9,12.14
2.35,2.16,2.27,3.34,6.27
-0.18,1.74,0.01,2.25,2.99
-3.78,-0.65,-3.81,-4.1,-2.77
2,2.01,0.78,0.68,2.83
6.47,3.54,2.95,0.85,9.2
2.41,1.38,-2.19,-0.05,1.08
2.63,6.2,7.44,8.1,7.6
-3.22,-3.05,-5.82,-1.03,-3.77
-1.43,-0.19,-2.62,-0.23,0.9
-4.65,-5.31,-3.49,-5.14,-8.4
3.61,3.34,3.32,3.34,0.74
1.85,0.78,5.25,4.98,1.79
0.54,0.72,-0.71,1.66,-1.12
-6.28,-7.73,-1.54,-5.03,-10.7
-7.41,-6.37,-5.1,-2.73,-9.12
5.1,4,5.14,9.2,9.02
-0.27,-4.78,-1.21,2.17,-0.74
6.17,4.63,5.04,8.97,7.96
-3.69,-4.03,-0.83,0.34,-5.55
-2.84,-1.74,-2.31,4.3,-3.76
-6.23,-7.94,-6.99,-7.11,-8.82
5.27,5.77,4.62,5.57,9.48
1.02,0.24,-0.91,-5.1,-1.91
-9.94,-8.86,-12.38,-10.12,-13.71
-7.57,-4.46,-7.41,-7.74,-8.31
-3.12,-4.13,-10.51,-0.48,-6.84
9.05,7.94,5.42,2.14,8.05
5.13,5.2,5.79,1.8,5.02
5.18,2.96,5.88,8.01,7.62
-1.06,-0.9,-3.61,0.31,-5.88
6.15,5.16,4.81,2.97,3.76
6.43,6.06,5.31,5.34,8.38
5.44,3.68,7.03,4.92,7.78
3.18,1.59,-0.27,1.31,2.24
4.81,3.38,5.46,3.68,5.95
5.33,2.96,1.84,4.23,4.34
-3.16,-3.22,-5.81,-2.13,-4.53
-0.12,1.2,-1.08,2.05,-1.33
-3.69,-3.61,-6.94,-2.17,-3.87
6.69,2.61,3.62,3.15,6.99
0.2,-0.9,-0.95,0.66,-0.41
-4.32,-4.25,-3.5,-2.47,-4.21
0.02,-0.74,1.31,0.69,-0.28
8.87,9.27,10.02,7.79,8.2
2.18,1.74,5.93,2.63,3.34
3.51,3.08,1.36,7.12,2.25
2.14,-0.17,0.65,0.46,2.29
0.23,0.54,0.2,1.1,1.79
0.2,2.05,2.97,3.71,-0.64
-2.68,-1.81,-2.58,2.54,-4.52
-2.02,-0.01,0.89,3.1,-2.97
1.1,5.5,3.54,1.05,3.54
-1.37,-0.73,0.45,-0.43,-1.75
-0.54,2.54,-1.61,1.5,1.13
7.02,5.1,3.97,-0.53,5.11
1.32,0.56,1.8,3.73,-0.77
-5.2,-1.27,0.61,-1.18,-7.49
-5.63,-3.81,-3.53,-0.71,-6.08
-3.13,0.47,-0.68,0.78,-0.29
-6.6,-2.83,-4.3,-5.48,-7.81
-2.91,-1.63,-2.02,1.07,-5.03
-3.9,-0.08,-0.15,0.02,-0.3
8.55,3.37,3.12,6.87,9.61
-3.78,-2.23,-3.76,-6.91,-2.27
6.92,6.39,0.67,0.79,7.23
-3.45,1.28,0.54,1.83,-1.09
-16.39,-11.42,-8.27,-7.77,-13.47
-1.88,3.93,-1.34,-4.48,2.49
4.95,-1.69,1.52,-2.52,1.09
-0.04,-0.43,1.31,-1.23,1.01
-1.66,-1.99,-3.41,1.21,-3.61
-3.25,-4.83,-4.25,-1.48,-6.39
-0.48,-4.34,-3.28,-0.12,-8.41
-1.96,-1.12,-1.76,-1.62,-5.5
-11.55,-4.21,-8.14,-14.06,-6.64
-10.08,-9.45,-3.08,-8.11,-10.63
-12.38,-9.74,-11.9,-15.55,-9.6
10.18,17.2,13.18,29.52,20.24
-4.7,-4.53,-4.16,-1.2,-2.76
-2.46,-2.2,-2.49,-3.37,-4.34
21.77,12.43,13.5,-0.61,17.82
4.59,5.07,9.83,16.04,2.85
8.13,1.83,0.27,1.28,4.11
3.2,7.24,2.98,0.72,3.29
4.04,6.42,4.99,6.48,5.7
7.44,5.38,2.95,0.91,5.95
-5.07,-5.2,-7.45,-12.03,-6.13
-2.36,-0.92,-3.21,-3.34,-5.12
-2.84,-3.61,-1,-6.54,-6.31
9.83,3.5,7.79,10.68,3.9
4.06,1.59,4.73,5.12,3.55
-1.67,-0.48,-0.81,-6.36,-0.29
11.72,12.92,14.97,7.78,12.92
2.24,-0.5,2.05,-6.52,3.13
2.5,2.91,2.11,6.52,1.93
-1.54,-0.08,-1.57,-4.31,-1.56
-3.62,0.77,-0.75,-2.81,-1.66
3.19,4.21,6.55,3.66,5.4
-0.5,-0.78,-0.98,-0.38,-0.04
0.26,-0.71,1.19,2.17,-1.14
2.16,3.1,2.41,3.62,0.93
-1.26,-2.6,-2.36,-3.75,-0.46
1.84,0.61,2.23,-9.69,2.05
5.76,6.1,3.69,6.26,8.4
-5.01,-2.83,-2.34,-8.82,-4.16
-2.24,-1.89,0,-0.21,-1.75
-2.44,-0.82,-0.44,-1.79,-0.1
0.23,1.45,-1.81,-5.2,2.14
-1.3,-1.31,-0.29,-1.88,-0.85
4.88,4.7,5.37,9.04,5.31
-0.42,-2.19,-0.44,-2.24,-0.35
1.05,-3.11,-0.62,3.79,-1.25
0.42,0.16,0.29,-0.84,-0.08
-3.67,-3.98,-3.95,-1.68,-4.43
4.01,4.04,4.01,6.02,6.47
-0.58,0.88,2.31,0.59,0.65
-6.23,-6.04,-4.5,-1.86,-5.31
0.06,-1.69,-0.48,-3,-0.15
4.42,3.02,0.68,4.16,5.42
8.9,7.69,8.97,9.2,9.34
2.05,2.43,0.83,5.25,2.54
-1.58,-1.76,-0.82,1.1,-0.26
4.36,5.51,5.75,8.87,6.55
4.19,3.63,5.08,1,6.38
-1.07,0.33,-2.15,-2.75,-1.26
-12.22,-10.33,-8.38,-12.84,-14.06
1.86,3.95,4.24,5.18,2.5
0.36,1.43,3.94,3.42,1.32
4.88,5.39,4.06,1.42,6.09
-3.79,-2.29,-2.29,-4.52,-3.25
5.48,7.07,4.75,5.05,8.17
1.26,0.75,-0.57,0.42,1.51
-1.64,-1.67,-1.23,-2.64,-0.31
3.11,5.75,1.02,4.83,7.05
1.8,1.93,-1,0.14,3.3
7.02,6.79,4.3,8.54,5.85
-0.85,1.44,-1.99,-0.54,-0.65
-8.58,-5.88,-6.78,-4.34,-10.15
2.47,6.89,6.66,8.75,7
3.29,2.83,0.61,2.08,4.18
4.33,9.04,4.06,-1.29,5.51
-5.26,3.73,-2.87,-4.63,-3.33
-8.51,-13.81,-9.32,-2.84,-12.26
3.06,6.12,3.07,4.28,6.06
7.68,5.02,4.89,6.96,8.11
2.75,4.2,1.69,0.21,5.12
9.78,4.94,10.2,8.89,6.63
1.57,2.11,4.57,0.3,2.65
0.75,4.18,0.78,3.6,3.62
-0.73,4.09,0.23,-1.29,1.5
2.58,15.84,6.68,8.81,7.48
-0.34,-6.5,-0.62,4.61,-0.7
0.33,-6.11,-4.28,-1.57,-2.55
3.64,1.33,1,1.85,1.7
8.68,1.73,3.82,5.87,8.44
1.91,-3.99,1.97,3,0.93
2.76,-1.57,5.14,3.47,2.51
-1.72,1.86,-5.16,-5.58,-0.97
-2.15,2.56,-2.45,-3.89,-2.68
-5.93,-5.73,-5.15,-7.75,-5.5
-2.95,-9.17,-1.62,-1.33,-5.44
4.14,6.52,5.46,7.95,7.14
2.68,5.77,1.93,3.93,5.07
-1.3,-3.88,-0.52,-0.75,-3.76
-0.03,-5.09,2.03,1.45,-3.25
-1.77,-6.88,-5.39,-1.81,-3.9
3.3,-1.81,-1.63,-2.57,-1.31
5.66,3.78,4.7,7.33,3.72
-2.66,-1.18,-3.98,-3.05,-5.46
2.3,-4.01,-2.4,-0.73,-2.43
-0.21,-4.46,1.42,0.85,-3.07
11.48,12.05,12.12,12.38,11.32
3.55,0.45,1.14,1.37,4.17
14.22,8.66,14.05,8.35,15.66
8.02,1.14,9.19,5.31,7.57
0.4,2.97,1.5,0.56,-1.3
1.45,4.27,9.55,1.43,2.82
5.14,2.1,2.43,2.8,4.64
5.46,2.97,0.67,4.63,4.96
8.36,7.07,6.79,5.12,8.3
-0.72,1.87,1.62,-2.66,2.45
6.07,2.85,4.49,6.89,1.64
-3.12,-1.76,-5.32,-5.63,-3.69
-2.21,3.04,-0.21,-1.08,-0.86
3.67,0.27,2.18,1.28,1.63
-0.61,-1.14,-6.42,-2.14,-4.01
3.55,2.44,2.52,-3,4.68
-1.61,-0.66,-0.14,-3.6,-0.86
-3.85,1.89,-3.37,-0.61,-1.65
-5.38,-2.37,-5.29,-1.99,-4.89
1.12,1.47,0.04,-0.7,2.45
0.63,1.34,0.3,2.34,-2.06
-4.22,-4.57,-4.93,-6.45,-6.85
5.5,0.74,4.78,3.85,2.23
0.1,-3.07,-0.47,-3.81,-1.8
9.51,11.61,11.4,10.29,11.16
0.44,0.44,-1.09,-4.39,2.2
0.85,-0.49,-1.63,1.6,0.73
-1.74,-0.27,-2.25,-0.04,-0.3
2.46,1.42,3.53,2.84,3.7
9.22,6.48,9.77,8.24,9.81
2.06,2.12,0.41,3.61,2.15
0.04,0.53,-2.05,3,-0.16
-1.67,0.92,-2.45,-1.7,1.47
8.01,4.18,5.11,9.54,6.36
2,1.34,1.49,2.32,2.95
-1.82,0.36,1.72,-0.46,-0.14
-0.62,0.29,-1.65,-0.81,-0.45
-2.65,-3.55,-4.59,-3.92,-4.92
4.07,4.85,3.33,3.16,6.38
8.66,4.91,8.29,9.75,7.41
5.53,2.48,7.68,3.5,4.49
1.87,-0.09,-1.25,1.09,3.54
9.72,7.01,5.61,6.13,8.33
8.2,4.18,0.96,12.02,5.78
-0.65,-1.75,3.52,0.7,-2.64
7.81,4.88,2,7.27,4.63
3.57,0.65,-1.35,5.64,1.54
-7.99,-3.59,-6.75,-5.32,-6.41
3.4,8.86,6.94,4.01,6.9
-9.29,-6.12,-7.76,-12.54,-8.79
7.72,5.11,1.86,7.94,4.26
2.14,2.3,3.66,1.36,-0.62
-4.06,-1.95,-3.69,-1.24,-2.53
14.64,13.06,12.91,13.16,11.14
6.5,1.52,6.63,11.24,4.67
2.24,4.22,2.32,0.17,-0.29
-1.25,-1.68,2.51,-2.45,-4.07
0.53,0.48,1.09,1.24,-0.04
5.57,4.94,1.86,4.78,4.62
6.03,4.16,2.6,5.77,3.58
4.09,2.77,6.66,2.21,4.35
-4.34,-1.32,-0.88,-2.54,-1.79
-24.99,-20.91,-21.44,-20.45,-23.6
-8.29,-5.86,-9.49,-9.31,-6.61
8.14,7.27,9.04,5.34,5.4
4.22,4.52,1.89,6.36,6.39
7.48,4.36,5.12,4.2,4.32
-2.05,-0.79,-4.36,-2.52,-1.35
1.24,1.93,1.89,-2,-0.36
-0.3,0.52,-0.05,-0.25,0.95
5.72,4.03,7.01,2.68,6.02
0.24,-0.53,-2.96,0.49,-0.59
-2.31,-2.78,-5.98,-1.04,-0.93
6.63,1.86,4.85,3.86,4.13
4.94,1.39,1.28,1.22,-0.01
-1.67,-1.33,-1.53,-2.17,-2.09
2.23,2.34,3.34,1.82,0.96
6.23,6.12,7.95,6.78,6.89
-1.85,-1.84,-2.57,-1.15,-0.41
3.26,1.7,-0.23,4.94,3.41
4.75,4.36,7.41,5.41,4.68
4.83,3.77,4.16,3.41,4.18
0.14,-0.97,-1.58,-2.72,0.84
9.75,6.32,5.99,13.9,8.16
0.95,3.03,1.69,0.37,3.36
-1.9,-0.99,0.91,2.41,1.35
-3.63,-1.97,-3.07,0.39,-4.84
1.06,3.32,0.37,4.54,-0.03
0.85,4.12,2.89,1.05,-1.46
-7.49,-5.6,-8.56,-7.36,-8.87
1.35,2.16,1.57,-2.06,2.52
4.51,1.72,4.3,3.85,-0.26
-1.55,-3.54,-2.81,0.29,-3.46
9.87,7,10.79,12.77,9.1
1.21,-0.67,-3.11,4.43,-1.64
-2.47,2.39,-5.94,2.6,-3.46
-10.17,-8.04,-11.35,-6.8,-11.38
-6.7,-4.34,-2.42,-4.35,-10
-0.32,-0.48,-0.01,1.42,-6.36
7.65,4.52,6.59,9.49,10.65
3.46,2.04,2.83,2.78,5.46
6.95,2.37,6.93,4.54,7.48
9.53,6.32,4.89,9.87,9.68
5.82,1.43,1.53,5.42,3.1
0.03,0.91,-0.89,-1.14,1.28
6.34,3.53,1.04,4.65,4.96
-4.63,-3.71,-5.38,-4.18,-5.22
4.87,3.81,3.91,8.46,4.7
3.9,2.21,1.84,2.88,3.11
-3.19,-0.56,-0.39,-0.36,-0.57
-1.27,1.57,2.04,6.63,2.32
-1.53,-4.4,-4.65,-2.59,-5.4
13.34,7.63,9.47,16.54,12.62
-0.53,-0.82,2.03,-5.55,2.06
2.77,0.8,1.45,-2.64,3.13
-1.25,-1.39,-3.23,-5.47,-2.15
-0.17,4.36,2.69,-2.16,0.52
0.55,0.92,-0.82,1.13,1.51
-1.94,-2.46,-1.55,-4.72,-0.01
3.84,4.37,4.17,5.8,3.18
-0.88,-1.4,-2.8,-3.37,-3.41
2.19,1.2,2.57,-4.97,3.47
1.34,-0.43,0.78,3.35,2.98
5.6,1.46,5.32,4.83,6.01
0.66,1.82,2.73,-1.36,3.86
0.69,1.25,2.99,-6.84,3.28
-1.62,3.69,2.66,-8.96,0.4
1.83,2.52,2.74,0.74,3.93
-7.36,0.23,-3.27,1.31,-3.2
3.8,1.65,6.46,3.58,1.71
-1.13,0.32,2.1,-2.99,2.19
-0.49,0.53,-0.86,-5.94,2.05
3.59,3.67,5.92,3.13,3.43
-0.77,-0.86,0.4,0.88,1.71
5.72,0.67,2.11,5.94,-2.3
0.68,-1.99,-3.08,1.1,-2.78
0.53,2.55,1.29,2.45,2.62
1.31,3.45,3.41,1.98,4.41
-0.46,-2.1,-1.78,-5.57,-3.88
-4.74,-4.15,-3.82,-6.68,-4.25
0.53,1.39,-0.2,2.3,1.27
-1.75,0.21,1.89,4.43,3
-2.43,-2.72,-2.46,-3.75,-2.64
2.16,4.38,3.55,1.08,2.69
4.43,2.84,5.35,10.82,3.51
-1.9,-1.97,-0.77,1.72,-4.2
1.25,2.25,3.9,0.91,0.05
-2.89,-4.22,-3.59,0.47,-5.16
-0.08,2.17,1.81,0.58,1.42
0.62,1.06,1.31,6.18,4.68
3.16,4.36,4.47,2.24,4.87
2.88,2.84,2.72,2.78,1.93
0.33,2.7,5.52,3.02,1.69
3.91,3.92,2.11,1.63,4.48
2.87,0.44,7.48,4.49,2.2
2.42,2.51,6.87,5.39,4.84
-0.72,-0.29,1.54,1.07,3.67
3.88,2.77,2.92,7.48,4.52
-2.82,-1.38,0.85,1.11,-2.06
5.3,5.15,0.64,4.99,6.13
0.95,3.12,-1.06,5.91,1.08
1.64,2.23,2.1,6.04,3.55
3.42,0.27,2.95,-1.12,2.17
2.59,3.1,-2.84,0.19,1.75
2.33,1.26,7.21,-0.61,0.26
4.95,1.75,2.46,3.94,1.53
-0.08,0.85,-3.01,-0.23,-0.29
-5.54,-4.45,-7.78,-6.07,-4.29
2.43,3.12,2.57,4.22,3.9
3.23,4.7,7.61,7.33,5.07
0.46,2.89,-1.57,-0.71,3.95
4.44,5.35,9.97,6.67,7.52
-1.51,-0.03,-1.1,-2.65,-1.76
3.06,3.7,7.18,9.52,6.03
3.15,-0.95,-4.51,0.97,2.6
-3.41,-1.57,-6.26,-7.36,-5.89
3.87,3.02,6.15,6.19,5.2
6.01,7.09,9.14,6.88,6.21
4.08,3.98,2.13,8.88,5.38
5.64,6.63,12.07,2.04,9.3
-3.74,-3.59,-1.61,-6.13,-4.74
5.37,4.22,5.06,6.6,7.92
-2.77,-4,-5.36,0.16,-2.67
4.86,2.65,4.08,2.84,3.02
2.17,0.67,-1.5,3.55,5.26
-0.9,-1.59,5.07,5.73,-2.08
8.27,6.38,7.9,5.47,8.13
6.14,5.13,3.94,3.61,5.8
-1.38,1.26,2.44,1.9,1.81
2.42,-2.64,-5.27,-2.46,-3.09
3.91,-0.26,6.99,6.16,3.08
-3.26,-5.89,1.51,-0.22,-1.76
-14.44,-10.87,-15.73,-12.25,-21.49
1.41,4.65,13.54,12.01,2.7
10.85,6.45,6.47,3.85,8.91
7.56,2.51,9.13,6.17,6.19
4.85,1.65,14.98,5.02,3.46
0.42,-1.85,13.19,0.24,1.1
-2.74,-2.5,-9.02,0.23,0.02
0.53,5.8,5.77,2.56,2.47
2.95,10.41,4.03,-5.54,6.69
-1.62,-1.75,-0.17,-2.04,-3.76
3.99,1.82,10.03,4.5,3.19
-4.18,-0.55,-1.75,-4.44,-6.03
-4.67,0.15,1.7,3.73,-5.21
-2.82,-3.46,1,-7.09,-4.37
4.65,3.55,4.85,10.79,11.31
1.5,-0.95,10.6,1.49,-2.3
2.88,6.54,16.58,-5.64,1.46
-7.95,-4.96,-4.54,7.54,-4.69
-5.11,-4.75,13.29,-2.92,-7.12
11.03,8.19,4.64,0.3,14.08
-2.04,1.57,-10.13,5.28,-3.12
-0.57,1.31,-10.76,3.95,3.4
-1.32,-2.62,11.33,11.52,-2.94
-0.04,-0.84,-5.58,-6.16,5.49
-1.49,8.29,10.04,3.54,9.15
2.34,-0.19,-13.17,3.71,0.25
1.95,0.93,-5.97,2.62,-1.1
-0.78,-1.94,-21.81,0.81,-6.12
5.21,7.25,-7.14,3.53,7.2
3.93,-3.46,15.99,-8.96,0.17
-3.03,-0.94,-22.58,-0.48,-4.41
-3.5,-3.04,-11.72,-8.44,-4.29
4.2,7.85,13.98,3.98,5.94
1.78,1.32,-2.83,3.02,3.66
-1.64,-5.69,0.37,-2.87,0.05
2.69,-1.13,-5.79,2.33,-2.26
-4.01,-1.87,-11.7,-3.11,-5.41
-7.53,-9.46,-14.33,-0.58,-8.22
1.32,3.56,7.68,1.18,-0.81
7.15,2.94,13.25,5.04,7.53
3.05,3.81,0.25,-2.89,3.44
2.36,-0.63,-2.25,-2.36,-1.59
1.76,3.74,-10.5,-0.49,-0.16
3.09,6.55,4.8,0.46,5.31
0.23,-2.02,-11.96,-7.57,-2.99
-0.26,-1.48,-2.07,-2.23,-0.6
-5.62,-2.68,-12.75,-9.6,-4.91
-9.65,-9.99,-10.19,-2.55,-6.46
2.02,0.01,-0.55,0.65,0.91
-8.84,-8.67,-14.66,-5.86,-10.74
4.85,2.89,19.89,5.69,6.41
1.28,4.53,14.88,3.71,4.5
-4.15,-1.31,-11.86,-4.05,-4.99
-4.66,-3.48,-2.07,-0.59,-2.25
-2.27,-1.37,-0.9,-1.94,-2.54
1.09,1.89,-0.85,3.79,0.91
7.64,4.54,9.76,4.32,11.66
5.65,6.62,8.76,3.9,5.23
2.63,0.13,0.71,4.12,0.88
1.27,1.04,3.61,0.6,3.6
4.48,4.3,4.8,-2.54,0.53
-2.41,-2.05,-2.14,0.24,0.34
7.58,5.63,7.86,0.73,6.47
1.95,1.52,1.26,1.63,1.01
0.94,8.37,3.41,5.69,4.36
0.2,0.01,3.71,3.04,2.75
4.91,2.72,-2.4,0.91,1.98
-0.04,0.04,-2.48,-3.9,-0.61
-0.7,0.08,-3.78,3.58,-3.87
-0.84,1.27,2.82,-0.38,1.94
1.13,4.83,2.17,-0.38,1.44
-4.75,-1.14,-6.74,-5.87,-2.41
-0.48,0.92,-3.03,1.67,1.95
0.88,3.82,2.86,-1.42,1.25
2.49,0.15,4.68,-2.4,1.19
4.24,6.58,5.19,0.66,4.92
4.06,1.06,3.39,5.66,4.42
-1.18,0.25,-5.79,-4.05,-2.45
0.68,8.44,-0.03,2.48,0.2
-0.95,-1.79,-1.92,-0.41,-2.38
-4.08,-3.91,-3.83,3.95,-1.62
4.9,2.42,6.49,1.45,3.34
0.85,2.24,-1.21,-0.57,1.43
4.46,5.39,5.29,3.73,2.49
-3.22,1.42,-0.56,-0.33,-1.72
-1.27,3.68,0.23,-1.95,1.32
-0.32,-6.09,-1.92,-3.25,1.32
2.76,2.82,5.64,1.57,4.98
-0.32,1.06,-1.8,2.4,0.12
1.54,7.3,4,2.15,1.58
1.25,-2.37,-0.25,1.07,1.07
2,2.19,2.71,-0.96,1.85
-0.44,3.88,-0.46,-1.93,2.23
-0.28,-2.58,-5.55,-2.18,-3.41
0.25,1.13,-0.33,-0.14,-0.33
-1.3,0.79,-2.27,4.27,-1.13
2.56,0.23,5.95,2.29,1.64
3.23,-0.74,3.54,1.67,3.36
3.52,4.85,4.52,1.66,2.85
-0.02,5.13,2.45,0.05,1.68
1.5,-0.34,0.3,0.08,3.25
2.7,1.19,2.28,3.5,1.08
-1.04,0.41,-2.51,-2.8,-2.27
1.28,3.49,1.21,-0.21,-0.32
3.1,4.59,4.17,6.84,3.38
2.62,4.9,4.69,1.12,3.3
-1.25,-0.85,0.04,-3.4,-2.73
-4.96,-1.06,-1.63,-3.98,-5.53
1.33,0.78,1.85,2.25,0.91
1.26,5.94,3.69,3.55,2.68
1.53,2.56,4.59,1.55,-0.18
-2.15,-2.94,-7.21,0.03,-6.3
-2,3.35,1,-4.07,-3.65
-2.71,-7.95,-11.37,-4.55,-1.95
-2.98,2.34,-3.76,-0.91,-8.36
1.19,-1.01,0.36,-1.8,-1.7
2.44,7.36,6.25,0.42,3.58
2.15,3.7,5.39,1.63,-2.41
-8.5,-3.19,-9.38,-3,-14.87
1.42,-7.77,-1.38,6.77,4.51
3.63,0.6,2.77,1.8,0.34
-4.7,-12.59,-12.59,-5.95,-6.83
-14.73,-17.58,-17.66,-10.95,-20.24
-7.37,-3.11,-8.95,-7.36,-12.16
2.66,-0.75,2.63,6.74,1.32
-6.14,-5.47,-4.96,-2.19,-18.31
-5.43,-12.91,-5.51,-9.93,-14.12
8.46,5.24,10.41,7.04,13.03
8.77,9.34,11.81,-0.95,16.59
2.1,7.21,2.72,6.25,7.63
0.16,-1.85,3.74,3.54,-1.98
7.64,7.73,7.54,5.53,9.07
2.5,1.63,2,2.19,7.99
3.16,5.22,5.55,2.4,3.22
-0.27,-0.79,-1.82,-3.69,-5.25
4.79,5.43,5.31,8.22,5.85
2.43,2.02,6.01,2.46,1.27
-1.99,-4.05,-7.62,-0.01,-1.65
3.86,3.32,4.36,0.38,3.42
6.34,4.78,6.88,3.61,8.42
1.53,3.46,2.49,-2.22,2.16
-5.71,-8.71,-7.27,-8.01,-8.87
-6.46,-5.12,-5.71,-1.64,-7.7
6.45,8.49,7.92,2.15,7.51
-3.33,-3.79,-5.51,-1.66,-7.52
9.85,8.69,11.48,9,8.84
3.61,4.36,5.97,2.02,2.6
2.82,2.37,-1.06,-3.34,0.48
4.1,7.25,6.16,5.4,9.75
-1.34,4.2,3.01,-0.71,1.92
2.89,4.87,3.45,3.33,2.63
1.89,1.81,-0.83,2.29,-0.86
4.36,2.58,3.16,6.37,1.11
0.92,-2.55,-1.13,1.96,-2.4
-0.96,-1.15,-2.17,-1.83,-2.06
-1.38,-2.1,-1.3,-3.65,-3.7
-2.86,-6.58,-6.53,-3.09,-7.54
-5.11,-9.87,-5.08,-3.96,-10.37
9.47,13.45,11,5.54,13.21
0.45,1.61,-1.52,1.27,-1.61
1.13,0.01,-0.44,3.53,1.14
3.36,2.96,6.9,3.38,6.76
3.7,4.35,6.23,1.23,3.88
4.05,-0.63,4.26,3.96,4.73
0.25,-0.62,-1.3,0.61,-1.67
-3.29,-7.67,-6.45,-3.28,-7.18
2.05,3.19,3.8,6.8,4.85
1.24,2.06,0.46,1.65,-1.02
1.84,1.81,3.74,0.98,2.77
1.66,2.52,2.33,4.67,3.84
-0.77,-0.81,-5.45,-1.88,0.7
2.27,0.03,1.47,1.5,-0.09
-0.91,1.82,0.53,-0.53,3.51
5.23,6.35,3.07,8.08,6.92
1.68,1.21,0.96,1.35,1.69
4.76,2.9,3.34,6.52,4.05
3.19,0.72,1.42,2.58,0.89
1.12,1.5,2.76,1.61,6.02
-0.05,-1.7,-1.61,-1.36,-1.21
5.06,5.45,5.39,7.87,5.44
-3.84,-2.3,-0.79,-3.86,-3.65
3.74,3.39,3.94,4,3.76
4.57,4.41,4.32,3.83,3.74
2.67,1.46,2.76,4.44,4.54
1.11,2.86,4.03,0.63,3.06
-5.94,-4.13,-1.74,1.57,-4.44
4.9,5.09,4.66,6.49,3.47
0.73,1.42,-0.62,-2.54,2.33
0.03,3.04,-0.89,-0.29,-1.64
1.83,0.91,3.56,1.89,1.72
1.53,2.94,2.66,2.85,2.13
-3.25,-4.26,0.4,-0.26,-2.14
5.21,4,3.39,5.49,4.44
-1.69,-4.4,-1.39,-0.22,-0.99
2.97,0.81,1.3,5.88,3.36
6.28,-1.9,3.97,2.51,2.72
0.08,0.41,-1.38,-0.83,1.14
-0.71,-3.06,-3.68,1.58,-6.2
5.56,3.74,8.35,4.23,6.9
-0.49,-1.87,-2.38,0.73,-0.75
-1.06,1.66,1.83,-1.42,0.5
1.15,-1.17,1.64,4.86,1.74
-0.92,-3,-2.81,0.16,-0.3
4.25,-3.14,2.32,3.52,2.06
-4.99,-4.75,-6.37,-8.34,-6.14
-1.49,-3.85,-1.66,-6.87,-3.06
5.44,8.62,9.88,7.54,6.49
0.33,-0.11,0.57,0.49,1.19
0.14,-4.53,-2.69,0.32,-2.62
-3.29,-3.38,-4.84,-9.97,-8.29
0.54,1.35,-0.55,-0.95,-0.14
5.79,8.03,7.85,3.94,7.05
-0.15,3.48,-3.02,4.94,2.37
0.72,-0.09,4.05,2.39,0.9
1.74,2.67,-0.78,-0.09,-2.7
2.46,1.2,6.65,6.12,3.51
-1.01,0.36,0.72,-3.12,3.37
-1.45,1.03,2.03,0.56,-1.25
-2.52,-2.26,-1.43,-7.49,0.68
1.49,5.22,1.63,2.4,11.34
1.32,1.55,1.61,0.71,2.96
1.37,0.66,4.31,2.02,0.93
2.97,2.27,3.97,6.97,3.71
0.79,-0.2,1.91,0.03,-1.69
1.83,0.36,2.19,0.91,0.23
2.02,0.35,3.12,-0.25,-0.45
-1.2,0.32,-2.12,5.54,4.22
-0.07,2.31,4.02,0.7,1.49
-1.56,-0.73,2.01,2.58,-0.38
1.69,4.61,0.23,2.05,4.36
1.67,2.23,4.67,-2.27,2.08
5.93,3.19,1.42,2.46,3.89
2.03,1.57,0.62,-0.17,1.47
6.3,2.53,7.01,6.37,5.95
-5.3,-5.91,-1.18,-3.53,-3.31
-2.29,0.11,-3.19,-2.42,-2.68
1.06,1.32,-0.4,-0.04,0.47
0.62,2.38,5.7,2.29,1.22
3.31,0.14,0.57,1.49,-1.04
2.72,3.32,2.33,5.99,3.97
4.71,-0.79,6.73,4.4,2.46
0.34,1.56,0.04,2.14,-1.21
-6,-8.68,-7.68,-8.7,-6.62
2.06,2.47,-0.96,6.46,3.02
-9.87,-9.03,-8.19,-8.18,-10.62
8.12,8.98,8.97,5.25,9.18
1.19,4.23,5.32,3.23,2.71
2.82,0.71,3.31,0.48,-1.32
4.1,2.47,6,-3.13,6.66
-6.31,-8.29,-7.75,-3.37,-6.3
6.87,7.34,7.51,6.84,6.72
1.16,-0.39,3.38,-2.19,1.64
-0.63,-2.18,-2.33,-0.61,-4.47
1.25,3.86,1.01,-0.94,2.01
0.93,-0.84,3.06,4.73,3.04
2.21,1.59,4.66,5.53,4.98
2.26,3.04,3.37,3.45,2.4
0.89,-3.16,2.63,-2.01,-1.37
-7.4,-10.23,-6.8,-5.39,-9.84
-9.84,-19.18,-10.17,-5,-18.87
15.7,12.67,14.59,13.41,10.54
4.31,4.66,7.87,4.05,3.88
3.8,0.19,5.11,-1.52,-0.07
9.33,3.38,6.75,4.43,3.83
10.07,3.15,10,2.45,7.21
-4.01,-2.24,-4.82,-1.48,-2.97
-2.64,-0.03,-2.02,-4.42,-1.9
11.44,12.91,11.17,9.52,15.76
4.09,2.65,4.99,4.76,5.31
0.67,-1.06,0.17,3.22,-2.85
-1.97,5.95,1.91,-1.35,9.53
5.19,7.2,0.82,0.13,5.62
5.82,2.53,6.22,2.87,5.81
-1.7,2.46,-0.87,0.01,2.94
2.38,0.1,6.27,4.28,-2.46
0.05,-0.04,3.01,3.04,-0.38
1.66,0.75,4.39,2.81,2.51
-3.36,-3.15,-6.16,-5.99,-2.32
8.55,6.04,6.67,2.31,7.14
0.4,-1.73,0.18,-4.29,-4.92
1.53,5.88,1.88,6.72,4.96
-7.49,-1.18,-7.88,-8.66,-2.88
-2.26,0.61,-4.78,-1.01,-0.88
4.2,4.48,2.74,5.13,1.52
-8.5,-4.01,-12.5,-6.8,-8.95
-4.27,4.34,-1.32,0.99,0.4
-7.36,-10.59,-8.2,-2.05,-10.01
13.95,8.44,10.54,2.75,8.76
-3.29,-0.93,-5,-5.07,-2.82
-7.62,-10.9,-11.61,-1.91,-7.91
3.8,13.46,5.33,8.84,11.6
2.42,6.18,5,5.46,6
-9.36,-2.62,-7.79,-1.73,-5.27
